LocationID,Date,TavgC,TminC,TmaxC,PrecipMM,WindMaxMS,SunHours,Provider,Model,ForecastRun
NL-GE,2026-09-09,14.7,12.4,17.5,1.1,6.2,5.412358333333334,Open-Meteo,best_match,2026-09-09 15:20:40.660068
NL-GE,2026-09-10,15.7,11.8,19.5,0.0,2.1,11.053280555555554,Open-Meteo,best_match,2026-09-09 15:20:40.660068
NL-GE,2026-09-11,14.8,13.3,16.3,1.1,3.2,1.0,Open-Meteo,best_match,2026-09-09 15:20:40.660068
NL-GE,2026-09-12,15.9,12.1,20.3,0.0,3.44,9.171425,Open-Meteo,best_match,2026-09-09 15:20:40.660068
NL-GE,2026-09-13,16.0,13.7,18.2,2.7,5.57,0.0,Open-Meteo,best_match,2026-09-09 15:20:40.660068
NL-GE,2026-09-14,17.6,14.9,21.3,0.3,2.97,8.561322222222222,Open-Meteo,best_match,2026-09-09 15:20:40.660068
NL-GE,2026-09-15,16.5,15.0,18.7,2.4,4.35,4.245025,Open-Meteo,best_match,2026-09-09 15:20:40.660068
NL-GE,2026-09-16,15.0,13.1,18.2,0.6,5.31,10.799366666666668,Open-Meteo,best_match,2026-09-09 15:20:40.660068
NL-GE,2026-09-17,14.9,11.1,19.3,0.0,3.35,11.413924999999999,Open-Meteo,best_match,2026-09-09 15:20:40.660068
NL-GE,2026-09-18,15.3,12.3,19.5,1.2,4.34,11.801683333333333,Open-Meteo,best_match,2026-09-09 15:20:40.660068
NL-GE,2026-09-19,15.7,12.4,20.1,0.0,4.52,11.730586111111112,Open-Meteo,best_match,2026-09-09 15:20:40.660068
NL-GE,2026-09-20,15.1,12.2,19.0,0.0,2.91,5.787536111111112,Open-Meteo,best_match,2026-09-09 15:20:40.660068
NL-GE,2026-09-21,13.2,10.7,17.1,1.2,4.3,11.58923888888889,Open-Meteo,best_match,2026-09-09 15:20:40.660068
NL-GE,2026-09-22,10.8,8.7,14.4,2.4,4.01,11.311891666666666,Open-Meteo,best_match,2026-09-09 15:20:40.660068
NL-GE,2026-09-23,10.7,7.1,14.5,0.0,4.35,11.345233333333333,Open-Meteo,best_match,2026-09-09 15:20:40.660068
NL-GE,2026-09-24,,,,,,,Open-Meteo,best_match,2026-09-09 15:20:40.660068
NL-NB,2026-09-09,15.7,13.1,18.1,1.0,6.0,7.7991472222222225,Open-Meteo,best_match,2026-09-09 15:20:40.660068
NL-NB,2026-09-10,16.7,11.6,20.7,0.0,2.9,9.42056111111111,Open-Meteo,best_match,2026-09-09 15:20:40.660068
NL-NB,2026-09-11,15.9,14.2,19.4,0.3,3.6,1.0545194444444443,Open-Meteo,best_match,2026-09-09 15:20:40.660068
NL-NB,2026-09-12,16.2,11.7,21.4,0.0,2.95,10.002919444444444,Open-Meteo,best_match,2026-09-09 15:20:40.660068
NL-NB,2026-09-13,15.9,13.3,18.2,35.7,4.08,0.0,Open-Meteo,best_match,2026-09-09 15:20:40.660068
NL-NB,2026-09-14,18.6,16.0,22.7,0.3,3.38,10.047194444444445,Open-Meteo,best_match,2026-09-09 15:20:40.660068
NL-NB,2026-09-15,17.7,15.4,20.6,0.6,4.16,10.862394444444446,Open-Meteo,best_match,2026-09-09 15:20:40.660068
NL-NB,2026-09-16,15.3,12.7,18.9,0.6,4.93,11.810744444444445,Open-Meteo,best_match,2026-09-09 15:20:40.660068
NL-NB,2026-09-17,15.3,11.3,20.3,0.0,2.49,12.353230555555555,Open-Meteo,best_match,2026-09-09 15:20:40.660068
NL-NB,2026-09-18,15.6,11.6,20.2,0.0,3.49,10.754941666666667,Open-Meteo,best_match,2026-09-09 15:20:40.660068
NL-NB,2026-09-19,16.9,12.5,22.2,0.0,3.79,11.521269444444444,Open-Meteo,best_match,2026-09-09 15:20:40.660068
NL-NB,2026-09-20,16.0,11.4,21.7,0.0,2.73,6.675427777777778,Open-Meteo,best_match,2026-09-09 15:20:40.660068
NL-NB,2026-09-21,13.5,10.3,17.7,0.6,4.15,11.47393611111111,Open-Meteo,best_match,2026-09-09 15:20:40.660068
NL-NB,2026-09-22,11.1,8.7,14.2,1.2,3.59,11.506469444444445,Open-Meteo,best_match,2026-09-09 15:20:40.660068
NL-NB,2026-09-23,10.8,6.8,14.9,0.6,4.23,11.334683333333334,Open-Meteo,best_match,2026-09-09 15:20:40.660068
NL-NB,2026-09-24,,,,,,,Open-Meteo,best_match,2026-09-09 15:20:40.660068
NL-NH,2026-09-09,16.3,15.1,18.3,12.3,9.2,2.230897222222222,Open-Meteo,best_match,2026-09-09 15:20:40.660068
NL-NH,2026-09-10,15.6,13.0,18.4,0.0,4.1,1.1609333333333332,Open-Meteo,best_match,2026-09-09 15:20:40.660068
NL-NH,2026-09-11,15.9,13.8,18.5,1.7,4.9,0.7470305555555555,Open-Meteo,best_match,2026-09-09 15:20:40.660068
NL-NH,2026-09-12,16.5,12.0,20.7,0.1,4.07,12.527344444444445,Open-Meteo,best_match,2026-09-09 15:20:40.660068
NL-NH,2026-09-13,17.5,16.1,19.1,5.4,5.17,0.4933805555555556,Open-Meteo,best_match,2026-09-09 15:20:40.660068
NL-NH,2026-09-14,17.6,14.6,21.3,0.0,2.84,11.682197222222223,Open-Meteo,best_match,2026-09-09 15:20:40.660068
NL-NH,2026-09-15,17.3,16.0,19.5,2.4,5.01,10.148833333333334,Open-Meteo,best_match,2026-09-09 15:20:40.660068
NL-NH,2026-09-16,15.5,14.0,17.0,1.2,4.86,8.362152777777778,Open-Meteo,best_match,2026-09-09 15:20:40.660068
NL-NH,2026-09-17,15.2,12.5,18.8,0.0,3.11,11.675938888888888,Open-Meteo,best_match,2026-09-09 15:20:40.660068
NL-NH,2026-09-18,15.5,13.8,18.2,0.6,4.4,11.954055555555556,Open-Meteo,best_match,2026-09-09 15:20:40.660068
NL-NH,2026-09-19,14.9,11.7,19.2,0.0,3.54,11.532836111111111,Open-Meteo,best_match,2026-09-09 15:20:40.660068
NL-NH,2026-09-20,15.7,13.6,18.6,0.6,2.48,5.200955555555555,Open-Meteo,best_match,2026-09-09 15:20:40.660068
NL-NH,2026-09-21,13.3,11.5,16.3,2.7,4.57,11.494908333333333,Open-Meteo,best_match,2026-09-09 15:20:40.660068
NL-NH,2026-09-22,11.6,9.8,14.7,2.7,5.22,11.52859722222222,Open-Meteo,best_match,2026-09-09 15:20:40.660068
NL-NH,2026-09-23,11.2,8.3,14.5,0.6,4.48,11.45801111111111,Open-Meteo,best_match,2026-09-09 15:20:40.660068
NL-NH,2026-09-24,,,,,,,Open-Meteo,best_match,2026-09-09 15:20:40.660068
NL-ZH,2026-09-09,16.7,15.4,18.3,2.2,7.2,3.3149083333333333,Open-Meteo,best_match,2026-09-09 15:20:40.660068
NL-ZH,2026-09-10,16.6,14.2,18.6,0.0,3.8,3.368991666666667,Open-Meteo,best_match,2026-09-09 15:20:40.660068
NL-ZH,2026-09-11,16.6,15.0,18.8,1.7,5.7,0.30319999999999997,Open-Meteo,best_match,2026-09-09 15:20:40.660068
NL-ZH,2026-09-12,16.8,13.0,20.9,0.0,4.05,12.138708333333334,Open-Meteo,best_match,2026-09-09 15:20:40.660068
NL-ZH,2026-09-13,17.6,15.4,19.6,4.2,5.71,0.012808333333333333,Open-Meteo,best_match,2026-09-09 15:20:40.660068
NL-ZH,2026-09-14,18.2,15.5,21.6,0.0,3.04,11.415397222222222,Open-Meteo,best_match,2026-09-09 15:20:40.660068
NL-ZH,2026-09-15,17.6,16.1,20.3,1.8,4.82,11.057902777777777,Open-Meteo,best_match,2026-09-09 15:20:40.660068
NL-ZH,2026-09-16,15.8,14.6,17.6,0.6,4.43,11.632022222222222,Open-Meteo,best_match,2026-09-09 15:20:40.660068
NL-ZH,2026-09-17,15.8,12.5,19.3,0.0,2.85,12.114597222222223,Open-Meteo,best_match,2026-09-09 15:20:40.660068
NL-ZH,2026-09-18,16.2,14.5,18.8,1.2,4.09,11.883002777777778,Open-Meteo,best_match,2026-09-09 15:20:40.660068
NL-ZH,2026-09-19,15.7,12.5,19.7,0.0,3.83,11.832366666666665,Open-Meteo,best_match,2026-09-09 15:20:40.660068
NL-ZH,2026-09-20,15.8,14.3,18.3,0.6,2.39,5.253269444444444,Open-Meteo,best_match,2026-09-09 15:20:40.660068
NL-ZH,2026-09-21,14.0,12.0,16.7,1.8,4.13,11.277697222222223,Open-Meteo,best_match,2026-09-09 15:20:40.660068
NL-ZH,2026-09-22,12.2,10.7,14.9,3.0,4.66,11.428519444444444,Open-Meteo,best_match,2026-09-09 15:20:40.660068
NL-ZH,2026-09-23,11.8,9.3,14.9,0.6,4.42,11.550875,Open-Meteo,best_match,2026-09-09 15:20:40.660068
NL-ZH,2026-09-24,,,,,,,Open-Meteo,best_match,2026-09-09 15:20:40.660068
